group,case,threads,tool,n,status,wall_mean_s,wall_ci95_lo_s,wall_ci95_hi_s,wall_median_s,wall_min_s,wall_max_s,rss_mean_mb,rss_ci95_lo_mb,rss_ci95_hi_mb,rss_median_mb,rss_min_mb,rss_max_mb
bamcov_chip,bamCoverage ChIP bs50,1,deepToolsR,3,ok,8.927,8.256,9.597,8.781,8.761,9.238,269.8,217.2,322.4,266.7,250.3,292.3
bamcov_chip,bamCoverage ChIP bs50,1,3.5.6,3,ok,100.504,99.216,101.792,100.318,100.104,101.09,482.8,433.3,532.3,488.9,460.5,498.9
bamcov_chip,bamCoverage ChIP bs50,1,4.0.0,3,ok,21.354,20.983,21.724,21.389,21.19,21.482,450.8,366.1,535.5,465.6,411.8,475.0
bamcov_chip,bamCoverage ChIP bs50,4,deepToolsR,3,ok,4.461,4.437,4.485,4.463,4.451,4.47,287.2,178.4,395.9,301.2,238.1,322.2
bamcov_chip,bamCoverage ChIP bs50,4,3.5.6,3,ok,41.619,40.187,43.051,41.901,40.956,42.0,696.0,675.8,716.2,699.5,686.7,701.8
bamcov_chip,bamCoverage ChIP bs50,4,4.0.0,3,ok,11.227,11.076,11.378,11.233,11.163,11.284,602.7,555.9,649.6,609.2,581.5,617.5
bamcov_chip,bamCoverage ChIP bs50,8,deepToolsR,3,ok,4.516,4.451,4.582,4.524,4.487,4.538,291.3,225.4,357.3,293.9,263.6,316.5
bamcov_chip,bamCoverage ChIP bs50,8,3.5.6,3,ok,31.192,31.071,31.313,31.197,31.141,31.238,1254.3,1248.0,1260.7,1255.0,1251.5,1256.5
bamcov_chip,bamCoverage ChIP bs50,8,4.0.0,3,ok,9.532,9.359,9.705,9.514,9.473,9.609,775.1,645.2,905.0,795.9,715.6,813.8
bamcov_chip,bamCoverage ChIP bs1,1,deepToolsR,3,ok,17.095,17.055,17.135,17.104,17.076,17.104,397.5,392.9,402.2,396.6,396.3,399.7
bamcov_chip,bamCoverage ChIP bs1,1,3.5.6,3,ok,786.636,768.785,804.487,785.995,779.792,794.12,872.1,843.0,901.1,871.8,860.5,883.9
bamcov_chip,bamCoverage ChIP bs1,1,4.0.0,3,ok,27.125,25.884,28.365,26.906,26.772,27.696,1987.2,1979.9,1994.4,1986.0,1985.0,1990.5
bamcov_chip,bamCoverage ChIP bs1,4,deepToolsR,3,ok,9.602,9.517,9.686,9.583,9.581,9.641,477.0,335.7,618.2,485.3,416.4,529.2
bamcov_chip,bamCoverage ChIP bs1,4,3.5.6,3,ok,249.226,237.237,261.215,250.008,244.057,253.613,2129.8,2067.2,2192.4,2130.8,2104.1,2154.5
bamcov_chip,bamCoverage ChIP bs1,4,4.0.0,3,ok,14.783,14.301,15.264,14.829,14.57,14.949,3587.6,2795.3,4380.0,3670.6,3235.4,3856.9
bamcov_chip,bamCoverage ChIP bs1,8,deepToolsR,3,ok,9.655,9.587,9.723,9.644,9.635,9.686,421.0,399.3,442.8,423.5,411.3,428.3
bamcov_chip,bamCoverage ChIP bs1,8,3.5.6,3,ok,160.472,153.659,167.285,161.404,157.385,162.627,3385.8,3014.8,3756.8,3460.2,3213.9,3483.3
bamcov_chip,bamCoverage ChIP bs1,8,4.0.0,3,ok,12.842,12.456,13.227,12.851,12.682,12.992,5813.3,2946.7,8679.9,5446.0,4887.8,7106.1
rna,RNA stranded bs10,8,deepToolsR,3,ok,8.799,7.38,10.219,8.473,8.466,9.459,372.9,206.0,539.9,391.2,298.5,429.1
rna,RNA stranded bs10,1,deepToolsR,3,ok,19.604,19.28,19.928,19.578,19.488,19.745,337.1,251.7,422.6,352.7,297.7,361.0
rna,RNA stranded bs10,1,3.5.6,3,ok,1451.336,1428.666,1474.006,1453.925,1441.196,1458.887,494.3,484.1,504.6,496.2,489.6,497.2
rna,RNA stranded bs10,1,4.0.0,3,ok,93.321,91.389,95.252,93.163,92.634,94.165,985.8,943.3,1028.4,984.0,969.7,1003.8
rna,RNA stranded bs10,4,deepToolsR,3,ok,8.642,8.571,8.712,8.656,8.609,8.66,373.5,196.1,550.9,411.5,291.1,417.8
rna,RNA stranded bs10,4,3.5.6,3,ok,436.505,413.242,459.768,438.428,426.329,444.758,1215.7,1074.4,1357.1,1199.8,1168.5,1278.9
rna,RNA stranded bs10,4,4.0.0,3,ok,36.327,32.925,39.728,36.1,35.085,37.795,1141.1,1041.7,1240.5,1139.7,1101.8,1181.8
rna,RNA stranded bs10,8,3.5.6,3,ok,256.966,239.995,273.936,257.159,250.04,263.698,2330.6,2284.0,2377.1,2322.5,2317.2,2352.0
rna,RNA stranded bs10,8,4.0.0,3,ok,25.357,23.716,26.999,25.129,24.841,26.102,1494.9,1396.4,1593.4,1478.0,1466.5,1540.2
rna,RNA stranded bs1,1,deepToolsR,3,ok,31.716,30.239,33.192,31.467,31.286,32.394,560.6,489.5,631.8,575.9,527.6,578.4
rna,RNA stranded bs1,1,4.0.0,3,ok,99.591,98.833,100.348,99.446,99.385,99.941,2057.5,1994.0,2121.0,2045.9,2039.8,2086.8
rna,RNA stranded bs1,4,deepToolsR,3,ok,16.376,16.348,16.404,16.382,16.363,16.383,564.3,530.6,598.0,559.8,553.5,579.5
rna,RNA stranded bs1,4,4.0.0,3,ok,41.333,36.825,45.842,41.045,39.68,43.275,3547.4,3391.9,3702.9,3563.6,3478.3,3600.3
rna,RNA stranded bs1,8,deepToolsR,3,ok,16.247,16.175,16.319,16.242,16.221,16.278,585.8,561.6,610.1,581.5,579.0,597.0
rna,RNA stranded bs1,8,3.5.6,3,ok,491.424,469.682,513.165,496.015,481.332,496.924,3569.8,3450.0,3689.7,3587.7,3515.2,3606.6
rna,RNA stranded bs1,8,4.0.0,3,ok,30.621,29.492,31.75,30.847,30.098,30.918,5276.5,4633.4,5919.7,5251.8,5030.9,5546.9
matrix,computeMatrix small,1,deepToolsR,3,ok,0.742,0.327,1.157,0.651,0.64,0.935,66.7,63.9,69.5,66.2,65.9,68.0
matrix,computeMatrix small,1,3.5.6,3,ok,19.238,19.066,19.41,19.206,19.19,19.317,119.2,117.4,121.0,119.4,118.4,119.8
matrix,computeMatrix small,1,4.0.0,3,ok,0.815,0.722,0.908,0.795,0.792,0.858,150.2,149.1,151.3,150.1,149.8,150.7
matrix,computeMatrix small,4,deepToolsR,3,ok,0.373,0.366,0.38,0.372,0.371,0.376,64.5,63.5,65.6,64.4,64.2,65.0
matrix,computeMatrix small,4,3.5.6,3,ok,6.067,6.027,6.106,6.071,6.049,6.08,410.2,403.7,416.7,411.6,407.2,411.8
matrix,computeMatrix small,4,4.0.0,3,ok,0.788,0.774,0.802,0.789,0.782,0.793,149.9,145.6,154.2,150.8,147.9,151.0
matrix,computeMatrix small,8,deepToolsR,3,ok,0.302,0.293,0.31,0.302,0.298,0.305,87.9,83.0,92.7,87.7,86.0,89.9
matrix,computeMatrix small,8,3.5.6,3,ok,3.725,3.648,3.802,3.71,3.705,3.761,668.5,657.1,680.0,667.7,664.4,673.5
matrix,computeMatrix small,8,4.0.0,3,ok,0.78,0.771,0.788,0.78,0.776,0.783,151.7,149.2,154.2,151.5,150.8,152.8
matrix,computeMatrix medium,1,deepToolsR,3,ok,1.887,1.59,2.185,1.829,1.808,2.025,96.2,94.0,98.4,95.9,95.5,97.2
matrix,computeMatrix medium,1,3.5.6,3,ok,60.427,59.862,60.991,60.416,60.205,60.659,238.3,235.4,241.2,238.7,237.0,239.2
matrix,computeMatrix medium,1,4.0.0,3,ok,2.362,2.253,2.471,2.378,2.312,2.395,423.4,402.4,444.4,423.8,414.8,431.7
matrix,computeMatrix medium,4,deepToolsR,3,ok,0.719,0.698,0.74,0.715,0.714,0.729,106.7,103.3,110.0,106.1,105.7,108.2
matrix,computeMatrix medium,4,3.5.6,3,ok,18.397,18.132,18.661,18.345,18.326,18.519,512.0,502.7,521.3,512.3,508.1,515.6
matrix,computeMatrix medium,4,4.0.0,3,ok,2.342,2.287,2.397,2.339,2.321,2.365,433.7,427.4,440.0,433.3,431.4,436.4
matrix,computeMatrix medium,8,deepToolsR,3,ok,0.514,0.507,0.521,0.515,0.511,0.516,121.6,111.9,131.3,119.5,119.2,126.1
matrix,computeMatrix medium,8,3.5.6,3,ok,11.208,10.869,11.547,11.225,11.064,11.335,796.1,786.9,805.3,796.5,792.2,799.6
matrix,computeMatrix medium,8,4.0.0,3,ok,2.344,2.313,2.376,2.338,2.336,2.359,423.7,386.0,461.4,417.9,412.3,440.9
matrix,computeMatrix big,1,deepToolsR,3,ok,36.241,33.659,38.822,35.791,35.502,37.429,849.7,814.4,885.0,850.3,835.2,863.6
matrix,computeMatrix big,1,3.5.6,3,ok,882.549,833.645,931.453,875.591,867.288,904.768,2501.3,2492.7,2509.9,2500.5,2498.3,2505.1
matrix,computeMatrix big,1,4.0.0,3,ok,49.446,48.276,50.616,49.203,49.146,49.989,1531.6,1371.1,1692.1,1497.6,1491.1,1606.1
matrix,computeMatrix big,4,deepToolsR,3,ok,10.424,10.275,10.573,10.445,10.356,10.47,848.6,840.2,857.1,850.5,844.7,850.7
matrix,computeMatrix big,4,3.5.6,3,ok,267.3,261.003,273.597,267.73,264.578,269.592,2495.3,2003.2,2987.5,2412.0,2352.5,2721.5
matrix,computeMatrix big,4,4.0.0,3,ok,20.218,19.73,20.706,20.108,20.101,20.445,1591.2,1528.9,1653.4,1576.7,1576.7,1620.1
matrix,computeMatrix big,8,deepToolsR,3,ok,5.539,5.487,5.591,5.534,5.521,5.562,876.2,868.1,884.3,877.9,872.4,878.2
matrix,computeMatrix big,8,3.5.6,3,ok,171.477,169.798,173.156,171.268,170.931,172.233,3564.4,3246.0,3882.8,3582.0,3428.3,3682.8
matrix,computeMatrix big,8,4.0.0,3,ok,20.336,19.875,20.798,20.326,20.156,20.527,1579.9,1543.9,1615.9,1574.3,1569.1,1596.4
matrix_stranded,computeMatrix stranded medium,1,deepToolsR,3,ok,2.059,1.65,2.468,1.994,1.937,2.246,100.0,96.1,103.9,99.5,98.8,101.8
matrix_stranded,computeMatrix stranded medium,1,3.5.6,3,ok,67.182,66.163,68.201,67.273,66.734,67.539,211.3,195.8,226.8,210.0,205.8,218.1
matrix_stranded,computeMatrix stranded medium,1,4.0.0,3,ok,6.525,6.424,6.627,6.516,6.49,6.57,235.4,226.2,244.6,233.6,233.0,239.7
matrix_stranded,computeMatrix stranded medium,4,deepToolsR,3,ok,0.767,0.678,0.857,0.754,0.74,0.808,114.2,106.8,121.6,115.8,110.8,116.1
matrix_stranded,computeMatrix stranded medium,4,3.5.6,3,ok,23.803,23.318,24.288,23.833,23.595,23.982,444.9,433.6,456.3,443.7,441.1,450.0
matrix_stranded,computeMatrix stranded medium,4,4.0.0,3,ok,6.5,6.448,6.552,6.49,6.486,6.524,233.4,231.5,235.2,233.4,232.6,234.1
matrix_stranded,computeMatrix stranded medium,8,deepToolsR,3,ok,0.542,0.451,0.633,0.521,0.52,0.584,127.0,103.6,150.4,122.1,121.1,137.9
matrix_stranded,computeMatrix stranded medium,8,3.5.6,3,ok,16.2,15.987,16.414,16.248,16.101,16.252,713.4,705.5,721.3,713.4,710.2,716.6
matrix_stranded,computeMatrix stranded medium,8,4.0.0,3,ok,6.56,6.27,6.849,6.524,6.465,6.69,234.4,228.8,240.1,235.1,231.9,236.3
matrix_stranded,computeMatrix stranded big,1,deepToolsR,3,ok,41.361,36.722,46.0,40.413,40.158,43.512,848.9,827.0,870.8,852.6,838.8,855.2
matrix_stranded,computeMatrix stranded big,8,deepToolsR,3,ok,6.218,6.159,6.276,6.226,6.191,6.236,964.9,907.3,1022.6,963.3,942.6,988.9
matrix_stranded,computeMatrix stranded big,8,3.5.6,3,ok,237.553,225.885,249.22,236.368,233.562,242.728,3020.2,2712.5,3327.9,2965.2,2933.3,3162.0
matrix_stranded,computeMatrix stranded big,8,4.0.0,3,ok,82.185,81.056,83.314,82.005,81.848,82.702,1685.1,1678.5,1691.8,1685.5,1682.3,1687.6
plot,plotHeatmap small,1,3.5.6,3,ok,0.742,0.733,0.75,0.742,0.738,0.745,289.2,282.3,296.1,289.6,286.2,291.7
plot,plotHeatmap small,1,4.0.0,3,ok,0.626,0.532,0.72,0.605,0.604,0.67,287.3,282.6,292.1,286.6,285.9,289.5
plot,plotProfile small,1,3.5.6,3,ok,0.539,0.538,0.541,0.539,0.539,0.54,143.6,141.7,145.4,143.9,142.7,144.1
plot,plotProfile small,1,4.0.0,3,ok,0.54,0.531,0.549,0.539,0.537,0.544,141.1,138.6,143.5,140.6,140.4,142.2
plot,plotHeatmap medium,1,3.5.6,3,ok,1.393,1.385,1.4,1.391,1.391,1.396,790.3,784.5,796.0,790.4,787.9,792.5
plot,plotHeatmap medium,1,4.0.0,3,ok,1.131,1.118,1.144,1.134,1.125,1.134,760.2,733.5,786.8,756.3,751.9,772.3
plot,plotProfile medium,1,3.5.6,3,ok,0.863,0.847,0.879,0.863,0.857,0.87,309.4,293.3,325.4,307.7,303.9,316.5
plot,plotProfile medium,1,4.0.0,3,ok,0.869,0.857,0.88,0.869,0.864,0.873,310.5,303.9,317.0,310.0,308.1,313.3
plot,plotHeatmap big,1,3.5.6,3,ok,12.728,12.694,12.761,12.722,12.718,12.743,4194.9,4163.6,4226.3,4196.5,4181.6,4206.7
plot,plotHeatmap big,1,4.0.0,3,ok,9.842,9.712,9.973,9.833,9.795,9.899,4198.6,4092.3,4304.9,4204.4,4153.2,4238.2
plot,plotProfile big,1,3.5.6,3,ok,6.251,6.213,6.29,6.249,6.237,6.268,1690.6,1652.5,1728.8,1683.9,1679.8,1708.2
plot,plotProfile big,1,4.0.0,3,ok,6.266,6.228,6.303,6.267,6.25,6.28,1715.0,1624.4,1805.5,1708.0,1682.5,1754.4
plot,plotHeatmap small,1,deepToolsR,3,ok,0.618,0.325,0.911,0.55,0.55,0.754,177.3,174.4,180.1,177.1,176.2,178.5
plot,plotHeatmap small,8,deepToolsR,3,ok,0.481,0.473,0.489,0.48,0.479,0.485,190.4,176.9,203.9,192.9,184.2,194.2
plot,plotProfile small,1,deepToolsR,3,ok,0.459,0.371,0.546,0.471,0.419,0.486,110.6,108.5,112.6,110.3,109.9,111.5
plot,plotProfile small,8,deepToolsR,3,ok,0.432,0.351,0.513,0.415,0.412,0.47,111.4,108.6,114.1,111.8,110.1,112.2
plot,plotHeatmap medium,1,deepToolsR,3,ok,0.803,0.79,0.817,0.806,0.797,0.807,216.5,208.4,224.6,216.8,213.1,219.6
plot,plotHeatmap medium,8,deepToolsR,3,ok,0.566,0.495,0.637,0.55,0.549,0.599,217.6,201.7,233.6,214.6,213.3,225.0
plot,plotProfile medium,1,deepToolsR,3,ok,0.542,0.535,0.549,0.542,0.539,0.545,132.9,132.1,133.6,132.8,132.6,133.2
plot,plotProfile medium,8,deepToolsR,3,ok,0.48,0.478,0.482,0.48,0.479,0.481,134.5,132.1,136.9,134.7,133.5,135.4
plot,plotHeatmap big,1,deepToolsR,3,ok,5.772,5.589,5.955,5.775,5.697,5.844,680.2,661.6,698.9,680.5,672.6,687.6
plot,plotHeatmap big,8,deepToolsR,3,ok,2.152,2.138,2.166,2.151,2.147,2.158,910.9,861.2,960.7,909.6,891.6,931.6
plot,plotProfile big,1,deepToolsR,3,ok,2.685,2.608,2.762,2.673,2.662,2.72,448.2,436.7,459.7,450.6,442.9,451.2
plot,plotProfile big,8,deepToolsR,3,ok,1.436,1.337,1.536,1.458,1.39,1.461,447.9,438.3,457.6,449.5,443.5,450.8
